ONTOLOGY	ID	Description	GeneRatio	BgRatio	RichFactor	FoldEnrichment	zScore	pvalue	p.adjust	qvalue	geneID	Count
BP	GO:0007156	homophilic cell adhesion via plasma membrane adhesion molecules	36/1066	169/18805	0.21301775147929	3.7577850061614	8.82808618214539	3.95708149449376e-12	1.93580426710635e-08	1.85982830241207e-08	PCDHA6/PCDHA7/PCDHB8/CDH15/PCDHA9/ROBO4/PCDHB9/PCDHB5/PCDHB12/MPZL2/PCDHB18P/PCDHGB1/CNTN2/PCDHGB3/PCDHGA7/CDH22/PCDHGA1/PCDHA1/CDH17/PCDHA13/CDH18/CDHR4/DSG1/DSG3/PECAM1/PCDHB3/CDH13/PCDHGA8/PCDHB7/PCDHGB5/PCDHGA6/FAT2/PCDHGA11/PCDHGA12/PCDH12/PCDHGA5	36
BP	GO:0098742	cell-cell adhesion via plasma-membrane adhesion molecules	44/1066	280/18805	0.157142857142857	2.77211203430716	7.32369482145423	7.29664078982852e-10	1.78475833719206e-06	1.7147105856097e-06	PCDHA6/PCDHA7/PCDHB8/CDH15/ITGAL/PCDHA9/ROBO4/PCDHB9/PCDHB5/PCDHB12/MPZL2/PCDHB18P/PCDHGB1/JAML/CNTN2/PCDHGB3/ITGB2/PCDHGA7/CDH22/PCDHGA1/PCDHA1/CDH17/SELL/PCDHA13/CDH18/MAG/CDHR4/DSG1/DSG3/PECAM1/PCDHB3/CDH13/PCDHGA8/PCDHB7/PCDHGB5/PCDHGA6/FAT2/PCDHGA11/PCDHGA12/CLDN5/PCDH12/PCDHGA5/CLDN9/APOA1	44
BP	GO:0003341	cilium movement	36/1066	260/18805	0.138461538461538	2.44256025400491	5.74177769763941	6.42452157493654e-07	0.000857456982191213	0.000823803723691476	DNAH17/RGN/CATSPER4/SPEM1/CFAP97D1/DNAH2/TUBA3E/CABS1/DRC1/CFAP100/DRC7/DNAI2/ROPN1/SPEF1/NME8/CFAP45/DNAH10/CFAP61/TEKTIP1/CFAP65/CFAP161/GAPDHS/DNAH8/EPPIN/NEURL1/CFAP90/CFAP73/TAC4/ROPN1B/CATSPER3/SPMIP9/DAW1/CCDC39/KLC3/TTC29/DNAAF1	36
BP	GO:0007188	adenylate cyclase-modulating G protein-coupled receptor signaling pathway	37/1066	272/18805	0.136029411764706	2.39965580509877	5.69996246273191	7.01109552077852e-07	0.000857456982191213	0.000823803723691476	CALCR/PTGER1/PTGER4/HTR1A/ADRB1/TSHR/GPR62/FPR1/EDN1/IAPP/CRHR1/GNAT2/GRM5/ADRB3/HTR1F/GPR78/PTGER3/HRH4/GPR12/ADRA1B/PTGIR/ADGRG3/MC5R/GRM1/GPR37L1/PTGDR2/SCTR/ADGRF3/OPRM1/ITGB3/GPHA2/GPR101/GRM7/RAMP1/RAMP3/CACNA1D/HTR1E	37
BP	GO:0035082	axoneme assembly	20/1066	103/18805	0.194174757281553	3.42538115448369	6.05053449821413	1.13111222933936e-06	0.00107418694354428	0.00103202752139372	DNAH17/LRRC61/CFAP97D1/DNAH2/DRC1/CFAP100/DRC7/DNAI2/SPEF1/DNAAF8/DNAJB13/CFAP65/DNAH8/RP1L1/NEURL1/CFAP73/RSPH1/DAW1/CCDC39/DNAAF1	20
BP	GO:0070286	axonemal dynein complex assembly	12/1066	40/18805	0.3	5.2922138836773	6.66156428161588	1.31748194220475e-06	0.00107418694354428	0.00103202752139372	DNAH17/LRRC61/DNAH2/DRC1/CFAP100/DNAI2/DNAAF8/DNAH8/CFAP73/DAW1/CCDC39/DNAAF1	12
BP	GO:0120254	olefinic compound metabolic process	26/1066	165/18805	0.157575757575758	2.77974870657798	5.62881351880514	2.05162807259175e-06	0.00143379493301698	0.00137752170588304	AKR1B15/ALOX15B/AKR1C3/AFP/CYP2C18/SDR16C5/ALOXE3/BCO2/PLA2G4B/ABCA4/PTGDS/INHBA/GRIN1/PLA2G4C/SRD5A2/ALDH1A2/CYP3A5/ALDH8A1/CYP2J2/BGLAP/ELOVL3/CYP2A6/CYP2C8/CYP2F1/PLB1/CYP1A1	26
BP	GO:0007601	visual perception	30/1066	222/18805	0.135135135135135	2.38388012778257	5.0845930970873	8.83286060709574e-06	0.00540129426123905	0.00518930560666875	PRPH2/VSX1/GUCY2F/VSX2/CLRN1/AIPL1/LRIT1/CRYBB3/CNGA1/IMPG1/GNAT2/NR2E3/ABCA4/GJD2/SIX6/FSCN2/SOX14/CACNA2D4/GRK7/CRYBB2/RP1L1/NXNL2/GPR179/GUCY2D/CRYGN/CNGB3/CRYGS/CRX/OPN1SW/USH2A	30
BP	GO:0007204	positive regulation of cytosolic calcium ion concentration	25/1066	170/18805	0.147058823529412	2.59422249199868	5.11856061842872	1.12084248326867e-05	0.0060924015868337	0.00585328852373639	CALCR/PTGER1/AGTR1/PTGER4/FPR1/EDN1/CCR7/GNAT2/AVP/KISS1/EPO/AVPR1B/PTGER3/HRH4/ADRA1B/PTGIR/GRIN1/TAC4/BDKRB1/C5AR2/CHRNA10/PROK2/OPRM1/OXT/CX3CR1	25
BP	GO:0050953	sensory perception of light stimulus	30/1066	226/18805	0.132743362831858	2.34168755914925	4.97431864345304	1.26078159288851e-05	0.00616774355241058	0.00592567348657598	PRPH2/VSX1/GUCY2F/VSX2/CLRN1/AIPL1/LRIT1/CRYBB3/CNGA1/IMPG1/GNAT2/NR2E3/ABCA4/GJD2/SIX6/FSCN2/SOX14/CACNA2D4/GRK7/CRYBB2/RP1L1/NXNL2/GPR179/GUCY2D/CRYGN/CNGB3/CRYGS/CRX/OPN1SW/USH2A	30
BP	GO:0060294	cilium movement involved in cell motility	29/1066	217/18805	0.133640552995392	2.35751463328175	4.93057093767098	1.53683230761488e-05	0.00683471240804728	0.0065664653143545	DNAH17/RGN/CATSPER4/SPEM1/CFAP97D1/DNAH2/TUBA3E/CABS1/DRC1/DRC7/ROPN1/NME8/CFAP45/DNAH10/CFAP61/TEKTIP1/CFAP65/CFAP161/GAPDHS/DNAH8/EPPIN/NEURL1/CFAP90/TAC4/ROPN1B/CATSPER3/SPMIP9/CCDC39/KLC3	29
BP	GO:0001539	cilium or flagellum-dependent cell motility	29/1066	220/18805	0.131818181818182	2.32536670646427	4.84735996070121	1.99892675472066e-05	0.00730901607092249	0.00702215362496642	DNAH17/RGN/CATSPER4/SPEM1/CFAP97D1/DNAH2/TUBA3E/CABS1/DRC1/DRC7/ROPN1/NME8/CFAP45/DNAH10/CFAP61/TEKTIP1/CFAP65/CFAP161/GAPDHS/DNAH8/EPPIN/NEURL1/CFAP90/TAC4/ROPN1B/CATSPER3/SPMIP9/CCDC39/KLC3	29
BP	GO:0060285	cilium-dependent cell motility	29/1066	220/18805	0.131818181818182	2.32536670646427	4.84735996070121	1.99892675472066e-05	0.00730901607092249	0.00702215362496642	DNAH17/RGN/CATSPER4/SPEM1/CFAP97D1/DNAH2/TUBA3E/CABS1/DRC1/DRC7/ROPN1/NME8/CFAP45/DNAH10/CFAP61/TEKTIP1/CFAP65/CFAP161/GAPDHS/DNAH8/EPPIN/NEURL1/CFAP90/TAC4/ROPN1B/CATSPER3/SPMIP9/CCDC39/KLC3	29
BP	GO:0001578	microtubule bundle formation	21/1066	134/18805	0.156716417910448	2.76458934221948	5.02517763565536	2.09170533509638e-05	0.00730901607092249	0.00702215362496642	DNAH17/LRRC61/CFAP97D1/DNAH2/DRC1/CFAP100/DRC7/DNAI2/SPEF1/DNAAF8/DNAJB13/TTLL13/CFAP65/DNAH8/RP1L1/NEURL1/CFAP73/RSPH1/DAW1/CCDC39/DNAAF1	21
BP	GO:0022412	cellular process involved in reproduction in multicellular organism	46/1066	429/18805	0.107226107226107	1.89154497784892	4.57915737707817	2.50497744925105e-05	0.00816956645449075	0.00784892934098662	SOHLH2/CATSPER4/SPEM1/CFAP97D1/SOX30/DAZL/FOLR1/DRC1/HORMAD1/BNC1/WEE2/EDN1/DRC7/TUBA8/ROPN1/OCA2/ZP3/IZUMO1/PIWIL2/ADAD2/TSSK3/CFAP61/SPACDR/CFAP65/RIMBP3B/MEIOSIN/DND1/ZAR1L/GARIN1A/CTCFL/KLHL10/INHBA/ZFP57/NEURL1/FREY1/ZMYND15/IZUMO1R/IQCN/PRM1/ROPN1B/RSPH1/CATSPER3/CFTR/MEI4/KLC3/REC114	46
BP	GO:0001676	long-chain fatty acid metabolic process	18/1066	111/18805	0.162162162162162	2.86065615333908	4.81965165692771	5.02510254037308e-05	0.0153642510171907	0.0147612387123459	ALOX15B/AKR1C3/CYP2C18/ALOXE3/ACADL/ACOT4/PLA2G4B/ACSM1/PTGDS/PLA2G4C/LTC4S/CYP2J2/ELOVL3/CYP2A6/ACOT1/CYP2C8/CYP2F1/CYP1A1	18
BP	GO:0016339	calcium-dependent cell-cell adhesion via plasma membrane cell adhesion molecules	11/1066	48/18805	0.229166666666667	4.0426633833646	5.17406635777465	5.99744813928525e-05	0.0172585389984608	0.0165811801497886	CDH15/PCDHB9/PCDHB5/CDH22/CDH17/SELL/CDH18/DSG1/PCDHB3/CDH13/PCDH12	11
BP	GO:0042573	retinoic acid metabolic process	9/1066	33/18805	0.272727272727273	4.81110353061573	5.3714507818397	6.54179405635091e-05	0.0177791425131492	0.0170813511471385	CYP26C1/AKR1C3/CYP2C18/BCO2/ALDH1A2/CYP3A5/ALDH8A1/CYP2C8/CYP1A1	9
BP	GO:0097154	GABAergic neuron differentiation	7/1066	20/18805	0.35	6.17424953095685	5.6753927863501	7.44264185836207e-05	0.0191628441953196	0.0184107456496325	FEZF2/DLX1/HELT/CNTN2/DLX2/INHBA/TLX3	7
BP	GO:0007567	parturition	6/1066	15/18805	0.4	7.0562851782364	5.75211702760362	0.000105130412368981	0.0244580035693313	0.023498081924746	EDN1/CRHR1/PLA2G4B/PLA2G4C/CRH/CYP1A1	6
BP	GO:0007281	germ cell development	41/1066	391/18805	0.104859335038363	1.84979342907732	4.16262065307938	0.000111341813867612	0.0244580035693313	0.023498081924746	SOHLH2/CATSPER4/SPEM1/CFAP97D1/SOX30/DAZL/DRC1/HORMAD1/BNC1/WEE2/EDN1/DRC7/TUBA8/ROPN1/OCA2/ZP3/PIWIL2/ADAD2/TSSK3/CFAP61/SPACDR/CFAP65/RIMBP3B/MEIOSIN/DND1/ZAR1L/GARIN1A/CTCFL/KLHL10/ZFP57/NEURL1/ZMYND15/IQCN/PRM1/ROPN1B/RSPH1/CATSPER3/CFTR/MEI4/KLC3/REC114	41
BP	GO:0002778	antibacterial peptide production	5/1066	10/18805	0.5	8.8203564727955	6.06379543212431	0.000114990613674289	0.0244580035693313	0.023498081924746	KLK5/EVPL/KLK7/LGALS4/KLK3	5
BP	GO:1904669	ATP export	5/1066	10/18805	0.5	8.8203564727955	6.06379543212431	0.000114990613674289	0.0244580035693313	0.023498081924746	SLC17A9/CALHM2/CALHM5/CALHM3/CALHM1	5
BP	GO:0030317	flagellated sperm motility	25/1066	198/18805	0.126262626262626	2.22736274565543	4.25604792824574	0.000146426983309429	0.028652832093989	0.0275282728621726	RGN/CATSPER4/SPEM1/CFAP97D1/TUBA3E/CABS1/DRC1/DRC7/ROPN1/NME8/CFAP45/CFAP61/TEKTIP1/CFAP65/CFAP161/GAPDHS/EPPIN/NEURL1/CFAP90/TAC4/ROPN1B/CATSPER3/SPMIP9/CCDC39/KLC3	25
BP	GO:0097722	sperm motility	25/1066	198/18805	0.126262626262626	2.22736274565543	4.25604792824574	0.000146426983309429	0.028652832093989	0.0275282728621726	RGN/CATSPER4/SPEM1/CFAP97D1/TUBA3E/CABS1/DRC1/DRC7/ROPN1/NME8/CFAP45/CFAP61/TEKTIP1/CFAP65/CFAP161/GAPDHS/EPPIN/NEURL1/CFAP90/TAC4/ROPN1B/CATSPER3/SPMIP9/CCDC39/KLC3	25
BP	GO:0003073	regulation of systemic arterial blood pressure	16/1066	102/18805	0.156862745098039	2.76717065813192	4.38694407115488	0.000192828742695699	0.0362814695872061	0.0348575034872994	AGTR1/ADRB1/PDGFB/EDN1/ACE2/ADRB3/AVP/EDN2/AVPR1B/CORIN/KL/GPR37L1/TAC4/EDN3/CRH/KLK3	16
BP	GO:0036158	outer dynein arm assembly	7/1066	23/18805	0.304347826086957	5.36891263561465	5.13931830824244	0.000202618055028458	0.0367113898221931	0.0352705503197685	DNAH17/LRRC61/DNAI2/DNAAF8/DNAH8/DAW1/DNAAF1	7
BP	GO:0006690	icosanoid metabolic process	18/1066	124/18805	0.145161290322581	2.56074865339224	4.27447624625304	0.000216290428457855	0.0377890277148509	0.0363058933482827	ALOX15B/AKR1C3/EDN1/ALOXE3/AVP/EDN2/PLA2G4B/GGT6/PTGDS/PLA2G4C/GGT1/LTC4S/GGT5/CYP2J2/CYP2A6/CYP2C8/CYP2F1/CYP1A1	18
CC	GO:0031514	motile cilium	39/1140	318/19880	0.122641509433962	2.13869579609401	5.0486998152477	6.32740823105467e-06	0.00322697819783788	0.00293724950515275	DNAH17/OXCT2/CATSPER4/DNAH2/TUBA3E/USP26/CABS1/DRC1/CFAP100/DRC7/DNAI2/RSPH10B2/ROPN1/SPEF1/NME8/CFAP45/TSSK3/FLACC1/DNAH10/CFAP61/TEKTIP1/DNAJB13/CFAP65/CFAP161/DNAH8/RSPH10B/TMEM249/CFAP90/CFAP73/ROPN1B/RSPH1/CATSPER3/SPMIP9/DAW1/DRC3/IL4I1/KLC3/TTC29/SAXO1	39
CC	GO:0097729	9+2 motile cilium	30/1140	232/19880	0.129310344827586	2.25499092558984	4.74231395940484	2.63628600068326e-05	0.00672252930174231	0.00611895855948062	DNAH17/CATSPER4/DNAH2/TUBA3E/USP26/CABS1/DRC1/DNAI2/RSPH10B2/SPEF1/NME8/CFAP45/TSSK3/FLACC1/DNAH10/CFAP61/TEKTIP1/DNAJB13/CFAP65/CFAP161/DNAH8/RSPH10B/TMEM249/CFAP90/RSPH1/SPMIP9/DRC3/IL4I1/TTC29/SAXO1	30
CC	GO:0098862	cluster of actin-based cell projections	24/1140	173/19880	0.138728323699422	2.41922725889869	4.62412575638891	5.33151055897417e-05	0.00906356795025609	0.0082498110754653	PKHD1L1/CLRN1/FOLR1/MINAR2/SLC26A4/STRCP1/SCIN/ACE2/RIPOR2/TMC2/SLC7A9/FSCN2/SLC34A3/TMC1/PDZK1/ANKS4B/STRC/SLC6A19/SLC5A1/MYO1A/PLB1/SLC34A1/USH2A/ESPNL	24
CC	GO:0005930	axoneme	24/1140	185/19880	0.12972972972973	2.26230440967283	4.25438579811117	0.000154885623831132	0.0125621921600168	0.0114343173221206	DNAH17/DNAH2/DRC1/CFAP100/DNAI2/SPEF1/NME8/CFAP45/DNAH10/CFAP61/TEKTIP1/DNAJB13/CFAP161/DNAH8/RP1L1/CFAP90/CFAP73/DNAI7/RSPH1/SPMIP9/DRC3/CCDC39/SAXO1/DNAAF1	24
CC	GO:0005858	axonemal dynein complex	7/1140	22/19880	0.318181818181818	5.54864433811802	5.26490412292239	0.000159333953822975	0.0125621921600168	0.0114343173221206	DNAH17/DNAH2/DRC1/DNAI2/NME8/DNAH8/DNAI7	7
CC	GO:0097014	ciliary plasm	24/1140	186/19880	0.129032258064516	2.25014148273911	4.22487214755895	0.000168371404817459	0.0125621921600168	0.0114343173221206	DNAH17/DNAH2/DRC1/CFAP100/DNAI2/SPEF1/NME8/CFAP45/DNAH10/CFAP61/TEKTIP1/DNAJB13/CFAP161/DNAH8/RP1L1/CFAP90/CFAP73/DNAI7/RSPH1/SPMIP9/DRC3/CCDC39/SAXO1/DNAAF1	24
CC	GO:0036126	sperm flagellum	26/1140	213/19880	0.122065727699531	2.12865497076023	4.08457467844636	0.000227775032453451	0.0125621921600168	0.0114343173221206	DNAH17/CATSPER4/DNAH2/TUBA3E/USP26/CABS1/DRC1/DNAI2/NME8/CFAP45/TSSK3/FLACC1/CFAP61/TEKTIP1/DNAJB13/CFAP65/CFAP161/DNAH8/TMEM249/CFAP90/RSPH1/SPMIP9/DRC3/IL4I1/TTC29/SAXO1	26
CC	GO:0016324	apical plasma membrane	42/1140	413/19880	0.101694915254237	1.77341659232828	3.91745390955774	0.000233605149082999	0.0125621921600168	0.0114343173221206	SLC5A8/P2RY6/OTOA/TEK/SLC26A9/SLC5A11/FOLR1/SLC26A4/SLC22A11/SPEF1/TMEM114/NAALADL1/ACE2/RIPOR2/RAB17/KISS1/SLC2A7/SLC7A9/ENPP3/SLC44A4/UPK1B/SLC34A3/DSG1/KL/ATP4A/PDZK1/SLC2A9/SLC5A10/SLC39A4/SLC6A19/ITGB3/SLC5A1/UPK3A/CFTR/RHCG/MYO1A/PLB1/SLC34A1/SLC14A2/F2RL2/USH2A/AQP5	42
CC	GO:0045177	apical part of cell	47/1140	479/19880	0.0981210855949896	1.71109401897227	3.88550635771897	0.000235193037226236	0.0125621921600168	0.0114343173221206	SLC5A8/P2RY6/SLC4A9/OTOA/TEK/SLC26A9/SLC5A11/FOLR1/SLC26A4/SLC22A11/SPEF1/SPTBN5/TMEM114/NAALADL1/ACE2/RIPOR2/RAB17/KISS1/INSC/SLC2A7/SLC7A9/ENPP3/SLC44A4/UPK1B/SLC34A3/DSG1/KL/C5AR2/DUOXA2/ATP4A/PDZK1/SLC2A9/SLC5A10/SLC39A4/SLC6A19/ITGB3/SLC5A1/UPK3A/CFTR/RHCG/MYO1A/PLB1/SLC34A1/SLC14A2/F2RL2/USH2A/AQP5	47
CC	GO:0009897	external side of plasma membrane	41/1140	401/19880	0.102244389027431	1.78299864374152	3.90674231541205	0.000246317493333663	0.0125621921600168	0.0114343173221206	ITGAL/PDCD1/CD3E/RAET1G/FCRL5/IL3RA/AZGP1/CD1C/FOLR1/DNAI2/CD33/SLC22A11/ITGB2/CCR7/ITGA10/TRGV3/SPN/P2RX1/CD79A/SELL/CLEC4C/ADAM21/ADAM20/ENPP3/TMC1/CD163/PECAM1/IZUMO1R/CDH13/CD163L1/IL9R/CD86/FCGR2A/ITGB3/HHLA2/LY75/ITGA11/CX3CR1/BTN1A1/CD79B/CD14	41
CC	GO:0101003	ficolin-1-rich granule membrane	11/1140	61/19880	0.180327868852459	3.14466494104113	4.1375990199282	0.000623165222978954	0.0288922057926606	0.0262981687400688	TRPM2/PKP1/CD300A/SLC11A1/FPR1/ITGB2/SIGLEC14/CLEC4C/DSG1/CD93/STBD1	11
CC	GO:0032420	stereocilium	11/1140	63/19880	0.174603174603175	3.0448343079922	4.00935343716271	0.000826624539750579	0.0351315429393996	0.0319773177219303	PKHD1L1/CLRN1/MINAR2/STRCP1/RIPOR2/TMC2/FSCN2/TMC1/STRC/USH2A/ESPNL	11
CC	GO:0032426	stereocilium tip	6/1140	21/19880	0.285714285714286	4.98245614035088	4.50346570913116	0.000903443348011168	0.0354427774988997	0.0322606086212895	PKHD1L1/STRCP1/TMC2/TMC1/STRC/ESPNL	6
CC	GO:0000137	Golgi cis cisterna	7/1140	30/19880	0.233333333333333	4.06900584795322	4.14899572203146	0.00127150372473567	0.0463190642582282	0.0421603866622882	GOLGA8J/GOLGA8IP/GOLGA6A/GOLGA8T/GOLGA6D/SMPD3/GOLGA8R	7
MF	GO:0001653	peptide receptor activity	23/1068	128/18639	0.1796875	3.13595066713483	5.97817057923992	9.25947772430489e-07	0.000502548064266796	0.00046293927577445	CALCR/GUCY2F/AGTR1/TSHR/GPR83/FPR1/HCRTR1/CRHR1/AVPR1B/NPBWR1/MC5R/GPR37L1/BDKRB1/SCTR/GUCY2D/OPRM1/NPR3/HCRTR2/RAMP1/RAMP3/CX3CR1/F2RL2/SSTR5	23
MF	GO:0005216	monoatomic ion channel activity	52/1068	448/18639	0.116071428571429	2.02570726324238	5.41777782877943	1.00409203649709e-06	0.000502548064266796	0.00046293927577445	SLC5A8/TRPM2/SLC17A8/ANO9/GABRB1/CATSPER4/CALHM2/KCNA7/KCNG2/OTOP2/STING1/SLC26A9/LRRC38/KCNJ1/TMC8/KCNJ6/CHRND/CALHM5/CNGA1/HTR3C/KCNH3/OCA2/KCNK17/KCNH4/CALHM3/GRIN3B/P2RX1/TMC2/PKD1L3/GABRA4/PKDREJ/BEST3/CACNA2D4/GRIN1/TRPV6/KCNIP4/PKD1L1/TMC1/KCNT1/TRPM5/CHRNA10/GABRG1/OPRM1/CHRNA1/SCN7A/KCNE3/TRPV2/CATSPER3/CFTR/CNGB3/CACNA1D/CALHM1	52
MF	GO:0005261	monoatomic cation channel activity	42/1068	341/18639	0.12316715542522	2.14954364229464	5.28187212184506	2.43775526477771e-06	0.000643764140083309	0.000593025276526609	TRPM2/ANO9/CATSPER4/CALHM2/KCNA7/KCNG2/OTOP2/STING1/LRRC38/KCNJ1/KCNJ6/CHRND/CALHM5/CNGA1/HTR3C/KCNH3/KCNK17/KCNH4/CALHM3/GRIN3B/P2RX1/TMC2/PKD1L3/PKDREJ/CACNA2D4/GRIN1/TRPV6/KCNIP4/PKD1L1/TMC1/KCNT1/TRPM5/CHRNA10/OPRM1/CHRNA1/SCN7A/KCNE3/TRPV2/CATSPER3/CNGB3/CACNA1D/CALHM1	42
MF	GO:0046873	metal ion transmembrane transporter activity	51/1068	450/18639	0.113333333333333	1.97792134831461	5.17717461548738	2.57248407625698e-06	0.000643764140083309	0.000593025276526609	SLC5A8/TRPM2/SLC17A8/SLC39A5/ANO9/CATSPER4/SLC6A2/SLC11A1/KCNA7/SLC4A9/KCNG2/SLC6A13/LRRC38/KCNJ1/SLC5A11/KCNJ6/CNGA1/KCNH3/KCNK17/KCNH4/CALHM3/GRIN3B/P2RX1/TMC2/PKD1L3/PKDREJ/CACNA2D4/SLC34A3/GRIN1/TRPV6/KCNIP4/PKD1L1/TMC1/KCNT1/TRPM5/CHRNA10/ATP4A/SLC6A12/SLC39A2/OPRM1/SLC5A10/SLC39A4/SLC5A1/SCN7A/KCNE3/TRPV2/CATSPER3/CACNA1D/CALHM1/SLC34A1/SLC30A2	51
MF	GO:0008528	G protein-coupled peptide receptor activity	21/1068	122/18639	0.172131147540984	3.00407533615767	5.47514576619504	5.5300687121131e-06	0.00102233886084786	0.000941762282036621	CALCR/AGTR1/TSHR/GPR83/FPR1/HCRTR1/CRHR1/AVPR1B/NPBWR1/MC5R/GPR37L1/BDKRB1/SCTR/OPRM1/NPR3/HCRTR2/RAMP1/RAMP3/CX3CR1/F2RL2/SSTR5	21
MF	GO:0022836	gated channel activity	39/1068	318/18639	0.122641509433962	2.14036993852025	5.05675338188709	6.12790525982733e-06	0.00102233886084786	0.000941762282036621	TRPM2/ANO9/GABRB1/CATSPER4/KCNA7/KCNG2/LRRC38/KCNJ1/TMC8/KCNJ6/CHRND/CNGA1/HTR3C/KCNH3/KCNK17/KCNH4/CALHM3/GRIN3B/P2RX1/TMC2/PKD1L3/GABRA4/BEST3/CACNA2D4/GRIN1/TMC1/KCNT1/TRPM5/CHRNA10/GABRG1/OPRM1/CHRNA1/SCN7A/KCNE3/CATSPER3/CFTR/CNGB3/CACNA1D/CALHM1	39
MF	GO:0005262	calcium channel activity	21/1068	131/18639	0.16030534351145	2.7976884810018	5.090464096803	1.72306997622516e-05	0.00246399006600198	0.00226978841980938	TRPM2/ANO9/CATSPER4/CNGA1/CALHM3/GRIN3B/P2RX1/TMC2/PKD1L3/PKDREJ/CACNA2D4/GRIN1/TRPV6/PKD1L1/TMC1/CHRNA10/OPRM1/TRPV2/CATSPER3/CACNA1D/CALHM1	21
MF	GO:0001664	G protein-coupled receptor binding	35/1068	297/18639	0.117845117845118	2.05666212688685	4.52561976442122	4.20243701334667e-05	0.00525829931295002	0.00484386161012063	CCL25/WNT8B/PTGER1/AGTR1/ADRB1/WNT16/FPR1/EDN1/GNAT2/GRM5/ADRB3/AVP/EDN2/KISS1/GNA15/RSPO1/WNT2B/P2RY2/TAC4/PTCH2/EDN3/PROK2/WNT3A/MSMP/CCL26/ARMCX5-GPRASP2/CRH/GPHA2/PPY/WNT2/RSPO3/UTS2B/OXT/CX3CR1/WNT11	35
MF	GO:0005179	hormone activity	20/1068	132/18639	0.151515151515152	2.64427987742595	4.67392496270763	6.20643212026824e-05	0.00690293172487612	0.00635887080392395	CCL25/HAMP/C1QTNF12/GH2/EDN1/IAPP/AVP/EDN2/TG/EPO/INHBA/CCN3/KL/EDN3/CRH/GPHA2/BGLAP/PPY/UTS2B/OXT	20
MF	GO:0015085	calcium ion transmembrane transporter activity	21/1068	147/18639	0.142857142857143	2.49317817014446	4.48090150433134	9.84259562132966e-05	0.00985243821695099	0.00907590922556293	TRPM2/ANO9/CATSPER4/CNGA1/CALHM3/GRIN3B/P2RX1/TMC2/PKD1L3/PKDREJ/CACNA2D4/GRIN1/TRPV6/PKD1L1/TMC1/CHRNA10/OPRM1/TRPV2/CATSPER3/CACNA1D/CALHM1	21
MF	GO:0030594	neurotransmitter receptor activity	16/1068	97/18639	0.164948453608247	2.87872118614618	4.57358707962887	0.000119059704675529	0.0100947795157192	0.0092991501716915	GABRB1/HTR1A/ADRB1/CHRND/HTR3C/GRM5/GRIN3B/HTR1F/GABRA4/HRH4/GRM1/GRIN1/CHRNA10/GABRG1/CHRNA1/HTR1E	16
MF	GO:0004955	prostaglandin receptor activity	5/1068	10/18639	0.5	8.72612359550562	6.024956568901	0.00012101633785078	0.0100947795157192	0.0092991501716915	PTGER1/PTGER4/PTGER3/PTGIR/PTGDR2	5
MF	GO:0015276	ligand-gated monoatomic ion channel activity	24/1068	186/18639	0.129032258064516	2.25190286335629	4.23039241374237	0.000165495280586469	0.0127431366051581	0.0117387745581981	TRPM2/ANO9/GABRB1/CATSPER4/KCNJ1/KCNJ6/CHRND/CNGA1/HTR3C/KCNH3/GRIN3B/P2RX1/PKD1L3/GABRA4/BEST3/GRIN1/KCNT1/TRPM5/CHRNA10/GABRG1/CHRNA1/CFTR/CNGB3/CALHM1	24
MF	GO:0022834	ligand-gated channel activity	24/1068	188/18639	0.127659574468085	2.22794644991633	4.17191487860764	0.00019514632165733	0.0139529619984991	0.0128532464490091	TRPM2/ANO9/GABRB1/CATSPER4/KCNJ1/KCNJ6/CHRND/CNGA1/HTR3C/KCNH3/GRIN3B/P2RX1/PKD1L3/GABRA4/BEST3/GRIN1/KCNT1/TRPM5/CHRNA10/GABRG1/CHRNA1/CFTR/CNGB3/CALHM1	24
MF	GO:0004954	prostanoid receptor activity	5/1068	11/18639	0.454545454545455	7.93283963227783	5.67037032423337	0.000211390557211497	0.0141067965179139	0.0129949563591068	PTGER1/PTGER4/PTGER3/PTGIR/PTGDR2	5
MF	GO:0004497	monooxygenase activity	16/1068	106/18639	0.150943396226415	2.63430146279415	4.16005698662095	0.000341546918825278	0.0213680291090065	0.0196838882165095	TPH2/CYP26C1/AKR1C3/CYP2C18/CH25H/CYP3A43/TYRP1/CYP2G1P/TPH1/CYP3A5/CYP2J2/CYP2A6/DEGS2/CYP2C8/CYP2F1/CYP1A1	16
MF	GO:0036122	BMP binding	6/1068	21/18639	0.285714285714286	4.98635634028893	4.50615672738647	0.000899205907962391	0.0496583807281828	0.0457445097196363	SOST/UCMA/CER1/HJV/GREM1/CHRDL2	6
MF	GO:0005244	voltage-gated monoatomic ion channel activity	21/1068	173/18639	0.121387283236994	2.11848087289732	3.64378075938747	0.000929217005454321	0.0496583807281828	0.0457445097196363	CATSPER4/KCNA7/KCNG2/LRRC38/KCNJ1/KCNJ6/KCNH3/KCNK17/KCNH4/CALHM3/GRIN3B/TMC2/CACNA2D4/GRIN1/TMC1/KCNT1/OPRM1/KCNE3/CATSPER3/CACNA1D/CALHM1	21
MF	GO:0015294	solute:monoatomic cation symporter activity	16/1068	116/18639	0.137931034482759	2.407206509105	3.74816073894585	0.000942566667168304	0.0496583807281828	0.0457445097196363	SLC5A8/SLC17A8/SLC39A5/SLC6A2/SLC4A9/SLC6A13/SLC36A2/SLC5A11/SLC34A3/SLC32A1/SLC2A9/SLC6A12/SLC5A10/SLC39A4/SLC5A1/SLC34A1	16
